p,dataset_index,best_initialization,g12,g13,g23,D,deployed_gap,empirical_loss,gradient_norm,v1_1,v1_2,v1_3,v2_1,v2_2,v2_3,v3_1,v3_2,v3_3
0.2,0,2,6.88744915206936e-20,3.0814879110195774e-33,8.11697648727479e-34,6.887449152069279e-20,0.5,1.3052916225734313e-20,9.701058262856727e-11,0.20923661110857883,0.7360395475621402,0.6437902026252942,-0.9752384248053574,0.10884721494683493,0.19251570996020798,0.07162440549189382,-0.6681302778506497,0.7405888713430322
0.2,1,1,6.05606462387081e-20,1.925929944387236e-34,2.2395668219767504e-34,6.056064623870787e-20,0.5,1.212214753613372e-20,9.74774576165697e-11,-0.07420365334975651,-0.12450047367957714,0.9894409784737593,-0.9710059797292401,0.23511261226963065,-0.04323710075628457,-0.2272470136108959,-0.9639614575235383,-0.13833691920100363
0.2,2,0,5.807033698278936e-20,1.925929944387236e-34,1.2723424151417139e-33,5.807033698278808e-20,0.5,1.1822123226511462e-20,9.620262289425354e-11,0.17579407767584937,0.08806939485683166,-0.9804795887440233,-0.30264343641451674,-0.9429197619346599,-0.13895780995790305,-0.9367515106339308,0.3211636721091889,-0.1391060855692165
0.2,3,3,6.777789086816336e-20,9.949384185359841e-35,4.394126678165219e-37,6.777789086816336e-20,0.5,1.2626136237370141e-20,9.654375565417033e-11,0.11203219014208186,-0.09026636828326806,0.9895962667314979,0.0442347197615991,0.9953314975888622,0.08578169662069925,0.9927195363933365,-0.03416420218947193,-0.11550207509718616
0.2,4,0,6.002009694928152e-20,1.0833355937178202e-34,1.2727135029736374e-32,6.00200969492688e-20,0.5,1.225416633660021e-20,9.711858598243165e-11,-0.970815665551629,0.055004891572249484,0.2334339423106091,-0.15358056007171972,-0.8901702826373888,-0.4289637274611086,0.18420085508636855,-0.45229562217247665,0.8726389374472485
0.2,5,0,6.385648331776657e-20,1.925929944387236e-34,2.7434857579381247e-33,6.385648331776383e-20,0.5,1.2866135676773576e-20,9.978016742035625e-11,0.184934606586816,-0.07518810029566499,-0.979870369416541,-0.9318326513221689,0.3033624021161627,-0.19914608435068207,-0.31222924479230174,-0.9499042070481467,0.013960520357802606
0.2,6,2,5.0212246486706e-20,2.7733391199176196e-32,1.0133873264849037e-33,5.021224648670499e-20,0.5,1.1323323602544167e-20,9.719301305420967e-11,-0.05352173344623603,0.7212503180501477,-0.6906036509905453,-0.9616924866500919,-0.22343605998563537,-0.15882030165837913,-0.2688549518729486,0.6556480045595192,0.7055796971076445
0.2,7,5,6.902182679742889e-20,3.0814879110195774e-33,2.853680585360979e-35,6.902182679742886e-20,0.5,1.3240669034536326e-20,9.974323472379764e-11,0.06337324072660214,0.888956885906463,0.4535851489624543,-0.9895477578006514,0.11496367018925505,-0.08705509501642962,0.12953403963616023,0.44332720363451766,-0.8869509135759073
0.2,8,7,5.741848807145904e-20,3.0814879110195774e-33,2.2903011360364312e-34,5.741848807145881e-20,0.5,1.1571016613118037e-20,9.607207411883684e-11,0.07858539589355415,-0.4301861189088779,0.899313203867468,0.9947672935706169,0.09291655716332585,-0.0424799369950635,0.06528680748748528,-0.897945664549852,-0.4352369656683781
0.2,9,7,6.900468814163757e-20,4.333342374871281e-34,5.372588803293494e-34,6.900468814163703e-20,0.5,1.2983051069804193e-20,9.749407666387293e-11,0.5975036949926973,0.058499685323534334,-0.7997294050409309,0.15834820241700928,-0.9863037765827273,0.04615958286154256,-0.7860758113640619,-0.15421623502734896,-0.5985834709063736
0.2,10,0,6.835866441886727e-20,3.0814879110195774e-33,1.9783573065037767e-35,6.835866441886724e-20,0.5,1.293266953514476e-20,9.678799763000953e-11,0.20601323016668527,-0.5833958712198156,-0.7856257419662118,0.9783632846065065,0.10714903716443576,0.17698691242208453,-0.01907439214371215,-0.8050890269067885,0.5928472200479887
0.2,11,4,7.078906844866348e-20,7.703719777548943e-34,1.2728874409446767e-32,7.078906844865075e-20,0.5,1.324921948470547e-20,9.724441301578125e-11,0.19452286425858864,0.9763989616889288,-0.09383987901428932,0.2677818724383809,0.03917286964298216,0.9626828943516804,0.9436385558286136,-0.21239245249387467,-0.25384192340377104
0.2,12,0,4.6882339135477456e-20,6.367605878630299e-33,5.039828066355092e-34,4.688233913547695e-20,0.5,1.0639790690609573e-20,9.62821876365239e-11,-0.9301107135291795,0.16963994540333555,-0.32575504524380605,-0.12329176631457027,-0.9796871083062594,-0.15815280641693757,-0.34596705173703246,-0.10693670470910838,0.9321326838483578
0.2,13,3,9.004151981742091e-20,1.232595164407831e-32,2.3501722309403836e-33,9.004151981741856e-20,0.5,1.5813184844772584e-20,9.811407106916016e-11,-0.5334304086621366,0.8458258330881295,0.005537074617279835,-0.31168180672529583,-0.19047194414385532,-0.9309000428888784,0.7863246469310383,0.49829619572250144,-0.3652320508351652
0.2,14,5,4.9887495289552617e-20,1.232595164407831e-32,1.4901888986006189e-34,4.9887495289552466e-20,0.5,1.0823033867932074e-20,9.644203596328872e-11,-0.8942194139256046,0.4366607516987858,-0.09848364170967525,-0.0878977091031211,0.04443942192792804,0.9951377444922561,0.43891415166075803,0.8985279771455262,-0.0013571141020144045
0.2,15,1,6.977584502967176e-20,0.0,4.911228641748196e-34,6.977584502967126e-20,0.5,1.2772647378857768e-20,9.660777222539767e-11,-0.01671669705350658,0.04211501954248243,0.998972911128504,-0.9812041247178084,-0.192794494894741,-0.008291463986621537,0.1922472826467165,-0.9803349467722389,0.04454631805239406
0.2,16,0,8.438349279726764e-20,1.697413842587383e-33,7.0957214540759e-38,8.438349279726764e-20,0.5,1.4215574336651188e-20,9.717334470847251e-11,-0.7996278826576528,0.11908944285514242,0.5885685634460023,0.10112202379237606,0.9928450933754046,-0.06350556561844278,0.5919202527600749,-0.008736423303779198,0.805949185296633
0.2,17,7,5.603611835002647e-20,0.0,1.0634747269667106e-33,5.603611835002541e-20,0.5,1.2910473179115537e-20,9.902799963628371e-11,-0.8016610923023341,0.4595464629641722,-0.3823042524819041,0.4185117242891604,-0.025187786637715495,-0.9078620556212308,-0.4268341944623247,-0.8877964990784385,-0.17213351405745136
0.2,18,6,6.314399940412352e-20,1.345823482256437e-34,8.493415749568034e-36,6.31439994041235e-20,0.5,1.2404530563808945e-20,9.868979030979216e-11,0.2121237904682862,-0.022889010009616313,-0.976974713458924,0.020861875188162314,0.999603904481463,-0.018889582024170862,0.9770201019852275,-0.016374594794841987,0.2125172768555078
0.2,19,6,6.719467005406506e-20,1.9567749161528127e-33,1.1833891961202255e-34,6.719467005406494e-20,0.5,1.2543614238817895e-20,9.647909299418736e-11,0.20421255073867542,-0.044435536360880476,0.977917541119457,-0.07281204771472542,-0.9968915833750539,-0.030092801524062497,0.976214955753138,-0.06505885090695535,-0.20681321544467454
0.2,20,4,5.954244105974633e-20,0.0,3.7016078762296775e-35,5.954244105974629e-20,0.5,1.257679415380194e-20,9.821987969695161e-11,-0.30306888194098996,-0.9528240742532806,0.016599286804476594,0.9311397325343354,-0.2997886079459655,-0.20761885521721443,0.20280052060387807,-0.04746655884516838,0.9780689518813048
0.2,21,6,5.812591147356191e-20,0.0,1.3906419330379444e-35,5.81259114735619e-20,0.5,1.1728129857241453e-20,9.711803982310133e-11,0.99821946609432,0.04708153445736341,-0.036622761003384796,0.054352938090227336,-0.4650678795774437,0.8836049035096514,0.02456940490716926,-0.8840221696812374,-0.46679883017696727
0.2,22,5,7.343477975362826e-20,0.0,8.708554030073687e-33,7.343477975361956e-20,0.5,1.3426296197431724e-20,9.730155355149366e-11,-0.9819388646480749,0.11902289314024987,-0.1470701091390577,0.18914408253781861,0.5989108540687591,-0.778158277549983,-0.004536764842573897,-0.7919212964357759,-0.6106063199936955
0.2,23,0,6.667270971614728e-20,3.0814879110195774e-33,1.4028265768756212e-35,6.667270971614727e-20,0.5,1.2741276338587271e-20,9.660573260831542e-11,-0.485912883444339,0.8665245507262643,-0.1141221831698552,0.09386498553241647,0.18155668174209058,0.9788904615971088,-0.8689522623351421,-0.46494340969864484,0.1695570451512899
0.2,24,2,6.679537766057055e-20,0.0,9.351473187727896e-34,6.679537766056961e-20,0.5,1.2696765632502076e-20,9.753245363053633e-11,-0.9926571176300637,0.0711187203116152,-0.09784668844479243,-0.10359072221755987,-0.0821485735092423,0.9912217583068085,-0.062456457117466384,-0.9940793426556327,-0.0889126057973747
0.2,25,0,7.126463847687533e-20,0.0,1.604520541991544e-33,7.126463847687373e-20,0.5,1.3375952002728815e-20,9.626922625060343e-11,-0.8292058683158532,-0.4860586946077742,0.2759792987648502,-0.2543274840417171,-0.11157608799761248,-0.9606603496804472,-0.4977300060516324,0.8667743201158482,0.031098537964850216
0.2,26,1,5.1578301687507925e-20,1.925929944387236e-34,2.3629113155206994e-33,5.157830168750556e-20,0.5,1.1017691711721318e-20,9.59905125158379e-11,0.14557115263062426,0.989329998422051,0.005932431543323884,0.8176941101092206,-0.11693656814261916,-0.5636507618408021,0.5569428891371312,-0.08690220541389711,0.825991903673266
0.2,27,2,5.85684482696956e-20,1.925929944387236e-34,6.175878485976713e-38,5.85684482696956e-20,0.5,1.1942344816021528e-20,9.644445148212202e-11,-0.039149282833444266,-0.9772136037204209,-0.20861664928134444,-0.7087506198955176,0.17432572920352027,-0.6835810843896872,0.7043719844215247,0.12109547028631422,-0.6994254746849159
0.2,28,3,5.726710359934895e-20,5.4354858782022574e-33,8.816176061509744e-34,5.726710359934807e-20,0.5,1.1753093463872348e-20,9.712043747288472e-11,-0.9650386846235625,0.02095627997667172,0.2612683898016825,0.0187288350991527,-0.9887373679720785,0.14848450394393256,-0.26143750290366474,-0.14818654296225167,-0.9537773223139631
0.2,29,6,6.470179392017568e-20,7.703719777548943e-34,1.2102047330842087e-32,6.470179392016358e-20,0.5,1.2651862727891558e-20,9.62131338717483e-11,0.967182345205273,0.17516554112780217,-0.18405255859300756,-0.04487058061130794,-0.5952423395428982,-0.8022924580295526,0.2500898681292592,-0.7842216462645908,0.5678481023910751
0.2,30,3,5.963373767610332e-20,9.949384185359841e-35,8.544398940812987e-35,5.963373767610323e-20,0.5,1.1860696029552248e-20,9.654742365326417e-11,-0.9939087049195832,-0.011874201691743913,-0.10956500179920975,0.02001077857713812,0.9582077554662728,-0.28537250411527815,-0.10837460512282174,0.2858266969756822,0.9521334172585499
0.2,31,3,5.178109605528934e-20,1.925929944387236e-34,1.5829580380790707e-32,5.178109605527351e-20,0.5,1.1162633926521603e-20,9.759096100567166e-11,-0.9947148510383406,0.09996465035817598,-0.02344000432038638,0.06635625262290427,0.8000879586679964,0.596201397291489,-0.07835312943116662,-0.5914949932474883,0.8024926542165335
0.2,32,7,6.122068126580013e-20,1.692711865184094e-36,1.1213659816371466e-33,6.122068126579901e-20,0.5,1.1983551228570502e-20,9.675960025449388e-11,-0.04548507016493886,0.998912871574325,-0.010207026757433867,0.9855942018213052,0.046540057791696066,0.16259794696419128,-0.16289621772926247,0.0026642073636204875,0.9866396121424603
0.2,33,4,5.507802984031768e-20,3.0814879110195774e-33,2.8362539990756312e-34,5.50780298403174e-20,0.5,1.1716413151101965e-20,9.716631806164202e-11,-0.6570194169574359,-0.7537457294798171,-0.01388744151560441,0.16432335640070378,-0.1611660428681355,0.9731512426994243,0.7357467773173008,-0.6370972310881173,-0.22974724765937993
0.2,34,6,6.47445090365148e-20,0.0,1.1148113146349385e-34,6.474450903651469e-20,0.5,1.2514568505377342e-20,9.818592204000522e-11,0.19314930525479282,-0.9809651105865139,0.02001993235702063,-0.05212329043002943,-0.030634002065987515,-0.9981706870631735,0.9797839090683284,0.1917524699833166,-0.057048065577046184
0.2,35,0,5.482184459670271e-20,1.4564845204428471e-33,9.182320684332278e-35,5.482184459670261e-20,0.5,1.1469770016152715e-20,9.58627483572173e-11,-0.13678783011682166,-0.19336289176242444,0.971545100147803,-0.09988564744685959,0.978457600303905,0.1806753492916099,0.9855515952868482,0.0723292223668892,0.15315526964277032
0.2,36,7,5.355302988790368e-20,0.0,3.116868819868847e-34,5.3553029887903365e-20,0.5,1.1317909110003976e-20,9.607880874162769e-11,-0.12716769161525357,-0.42228763878820463,-0.8974973695426247,-0.9822531328151091,0.1793840311940631,0.05477364719891578,-0.13786646199117544,-0.8885350412021972,0.43760520930839675
0.2,37,0,6.685393014600508e-20,1.2037062152420224e-33,2.8810590601236864e-32,6.685393014597628e-20,0.5,1.2686220218524078e-20,9.726903789805129e-11,-0.9912336311615282,0.0736448034203628,0.10969198413515822,-0.03190090845454884,0.6722686434824618,-0.739619634021451,-0.12821162392879298,-0.736635129453537,-0.664025952463089
0.2,38,3,4.80434771576924e-20,3.0814879110195774e-33,8.480844838459801e-35,4.8043477157692316e-20,0.5,1.0807928264556751e-20,9.66207681850874e-11,-0.5597943926320883,-0.805798259651172,-0.19318230436769776,-0.066002343045481,-0.18903320594597575,0.9797500384089266,0.8259987461697391,-0.5612090624055834,-0.05263515555087572
0.2,39,6,6.510697478603293e-20,7.703719777548943e-34,4.152037803394111e-34,6.510697478603252e-20,0.5,1.2715486361992888e-20,9.754583526459706e-11,0.18842238852345683,-0.9787223769175094,-0.0812373831684416,-0.43740007677957815,-0.00956962340626631,-0.899216100356906,-0.8793055079403721,-0.20496568306324503,0.4298963741090885
0.2,40,4,5.373808380265291e-20,3.0814879110195774e-33,1.0364016004567684e-34,5.3738083802652806e-20,0.5,1.1729478924938804e-20,9.813865894529281e-11,-0.29467558789771764,-0.9472183611111075,0.126268263119132,0.23762539848400807,0.05535138288216463,0.9697785285354324,-0.9255811514178466,0.3157746043663294,0.2087724392186424
0.2,41,0,6.630746883127034e-20,4.81482486096809e-35,4.824592511215605e-33,6.630746883126552e-20,0.5,1.2847233715964189e-20,9.917218123870386e-11,-0.019450934776068376,0.9938743392674474,-0.10879089521661332,-0.357537151514232,-0.1085305525646871,-0.927571185649432,-0.9336963352327179,0.02085466015420371,0.35745802092391893
0.2,42,5,6.259544266535198e-20,0.0,2.3449175600358513e-34,6.259544266535175e-20,0.5,1.2613744893340712e-20,9.715577425642141e-11,0.2624996272755676,0.051970049601227385,0.9635315561125303,-0.9083995456898046,0.35007623979178565,0.22859766342594326,-0.32542927217763157,-0.9352784292757889,0.13910445191060752
0.2,43,2,5.991348547035879e-20,0.0,4.457587947759832e-34,5.991348547035835e-20,0.5,1.2211681025972002e-20,9.710506192499671e-11,-0.22098364612594948,0.9731924135800882,-0.06373973874314022,-0.4805337493526362,-0.051777401999781904,0.8754464097677545,0.8486775264056391,0.22408843525934902,0.4790937584200219
0.2,44,7,6.116505291083677e-20,0.0,2.938282217083345e-34,6.116505291083648e-20,0.5,1.2706637234758158e-20,9.952176460319681e-11,-0.24675069118297002,-0.032876537861136215,-0.9685211560203484,0.943891489344587,-0.23453326485700093,-0.23251452431702704,-0.21950615624255626,-0.9715519960030935,0.08890312949510511
0.2,45,7,6.980792934688959e-20,1.0833355937178202e-34,2.9766865894632755e-32,6.980792934685982e-20,0.5,1.3549734246409765e-20,9.642927530543614e-11,0.4184056287563646,-0.06797417005349315,0.9057131124315967,-0.2769511498234144,0.9401572683465623,0.1985003057595093,0.8650056592287201,0.33389193313771204,-0.3745415684378024
0.2,46,3,7.303525910925868e-20,1.560003254953661e-32,1.9628377840504538e-33,7.303525910925672e-20,0.5,1.3771809227019947e-20,9.768435561020354e-11,0.9466230968830823,0.129342883517626,-0.2952543495544622,-0.19569202728996543,0.9584524352376431,-0.2075417062717157,-0.25614320760562864,-0.2542426949538233,-0.9326045835508837
0.2,47,0,7.097917121683461e-20,3.0814879110195774e-33,4.3333977663253225e-34,7.097917121683418e-20,0.5,1.3130871673270893e-20,9.806752270747087e-11,-0.4514432655043994,-0.8887341948654113,0.07969008035918619,-0.09172997976462414,-0.04261176180087205,-0.9948717749381613,-0.8875723006161474,0.4564381322950309,0.06228677681485239
0.2,48,5,8.20396910599804e-20,4.81482486096809e-35,4.8260930250172055e-33,8.203969105997557e-20,0.5,1.401759077434872e-20,9.729687785022561e-11,0.9940484072502631,0.08069116151235083,0.0731894835137063,0.10827580974478912,-0.8058401495741992,-0.5821494673692852,-0.012004707646119476,-0.5866094014122762,0.8097810180345438
0.2,49,0,7.256505592647034e-20,3.0814879110195774e-33,1.4556929510410492e-33,7.256505592646888e-20,0.5,1.3314279523002694e-20,9.665249082144956e-11,0.046053090437660885,0.20464133149813632,-0.9777530558908065,-0.9532103322384261,0.3017559389649516,0.018259677250432295,-0.29877947612143574,-0.9311634006850353,-0.20896302513430653
0.5,0,2,1.090902644073544e-20,4.81482486096809e-35,4.3010972515422026e-24,1.0904725343483898e-20,0.5,5.179918936204153e-21,9.722385899782572e-11,-0.16731912600316404,0.9797983790729162,-0.10954198482601787,-0.7047394630047017,-0.19656130032113409,-0.681693438797756,0.689453841337305,0.036861790819382546,-0.7233910484950878
0.5,1,0,1.6244279473920655e-22,7.703719777548943e-34,7.842261181566234e-21,-7.679818386827028e-21,0.5,4.095421208910509e-21,9.141661343397241e-11,0.48777444909175205,0.8671819922117021,-0.1003567595978546,0.8702641732280255,-0.4920826706669496,-0.022246663233475687,-0.06867572794819402,-0.07648553856000948,-0.9947027730844884
0.5,2,5,3.077128468935138e-22,0.0,9.257191520810512e-21,-8.949478673916998e-21,0.5,4.6890118280488135e-21,9.357558820750502e-11,0.2916719129492361,0.944617977418091,-0.1504140017920159,0.18312125102023152,0.09919831384465413,0.9780727488050993,-0.9388259170828013,0.31282034983615853,0.14404626389469724
0.5,3,1,5.2907070693166796e-21,3.0814879110195774e-33,3.317349061775935e-21,1.9733580075407447e-21,0.5,4.349435356170133e-21,9.343912770741942e-11,0.5715914471299187,0.8112647202409782,0.12301532937098919,-0.31858764332710754,0.08126305265883824,0.9444036371127796,0.7561647512866917,-0.579004205494144,0.3049081811490642
0.5,4,6,7.492197933065283e-21,0.0,2.2865762733500756e-21,5.205621659715208e-21,0.5,4.819285010635465e-21,9.471034923865987e-11,0.5162983264987023,-0.4497728905041627,0.7287937877219934,0.5746828053415859,0.8128955363167992,0.09455432449628304,-0.6349611888004634,0.370007018904078,0.6781733514956332
0.5,5,0,1.0468824359225607e-21,0.0,8.775730691830528e-21,-7.728848255907967e-21,0.5,4.976882743429999e-21,9.008353218718296e-11,-0.04250124721926134,-0.6447073330065898,0.7632470758229851,-0.9455188379731988,0.272762628537257,0.17774891142074042,-0.3227813053403178,-0.7141099377657912,-0.621175680228177
0.5,6,2,7.91720153946361e-21,3.0814879110195774e-33,2.13096527436266e-21,5.786236265100949e-21,0.5,5.088665957106886e-21,9.999184764571865e-11,-0.31279261990085844,-0.5056090485754354,-0.8040648400062026,-0.7602249854458838,0.6407576062653652,-0.10718050903445626,0.5694020973281666,0.5777449090976459,-0.5848008819846615
0.5,7,7,7.671656415199708e-21,4.333342374871281e-34,1.2853088156148754e-21,6.386347599584832e-21,0.5,4.494525538126056e-21,9.126931269281095e-11,0.5657150141069841,-0.10734788569702855,0.8175836068869731,0.45836665099489027,0.865135717908096,-0.20356866864862067,0.6854681145368965,-0.48991491202238296,-0.5386249557264617
0.5,8,5,2.2209041174995544e-23,1.925929944387236e-34,1.0704287247280215e-20,-1.0682078206105219e-20,0.5,4.95021753188475e-21,9.240157412642386e-11,-0.10581379707555574,0.24451473900087803,0.9638547518997795,0.249934826602879,-0.9316396216013176,0.2637805866881463,-0.9624635176719517,-0.26881249566233406,-0.03746757700092786
0.5,9,3,5.6366566291651266e-21,3.0814879110195774e-33,3.0475518683306197e-21,2.589104760834507e-21,0.5,4.311775111280791e-21,9.00055874171303e-11,0.24739890456442365,-0.931570682658026,-0.2664016614670088,-0.7224766497305107,0.005842127885770089,-0.6913706387574926,0.6456169705321888,0.36351331853561314,-0.6715927297165037
0.5,10,2,1.0056619680954583e-20,5.058575369554599e-33,3.972751443294608e-22,9.659344536625122e-21,0.5,5.0156470212790305e-21,9.376350842561315e-11,-0.34665077737158756,-0.21228875540655667,0.9136556916451676,0.01000125783963301,-0.974833681013338,-0.22270893382083037,0.9379409434437918,-0.06806451886836659,0.34005000791499457
0.5,11,7,6.230282395927655e-22,4.81482486096809e-35,8.25456379311147e-21,-7.631535553518704e-21,0.5,4.3705048059180686e-21,9.031341488993163e-11,0.09903190643263346,0.24388473541283878,-0.964734635711255,0.15514183956566388,0.9538607983004853,0.2570614461208504,-0.9829159125255954,0.17512799124329487,-0.05662592680976248
0.5,12,7,9.496559480683101e-22,0.0,7.461449832348015e-21,-6.5117938842797045e-21,0.5,4.261906889453507e-21,9.258549512660849e-11,0.25812275770916454,-0.9278329268911888,0.26925582951747956,-0.9650304845463797,-0.2608022645693888,0.02642617436667666,0.045703455460856475,-0.26666128060689254,-0.9627060587656182
0.5,13,1,1.757660673344335e-21,7.703719777548943e-34,7.13195873658228e-21,-5.3742980632379445e-21,0.5,4.5104030646200624e-21,9.240825510008855e-11,0.7815469366767741,-0.5879961597438605,0.20843440670297952,-0.6088631741427906,-0.7917279719405531,0.049522253782162774,0.1359044551072289,-0.1656120001396624,-0.9767817793610546
0.5,14,1,1.740321481941519e-22,0.0,9.920215504114139e-21,-9.746183355919987e-21,0.5,4.893531893686413e-21,9.290111034391265e-11,0.5910502680026497,0.1430875738226086,-0.7938422556853191,0.7868420076852365,0.11440080644446031,0.606458663411385,-0.17759289308969672,0.9830759897792467,0.044970686492269846
0.5,15,2,6.115600623393557e-21,3.0814879110195774e-33,3.1170458639990104e-21,2.9985547593945467e-21,0.5,4.684554032194354e-21,9.198513250973991e-11,0.37878253488309255,-0.7481223072262659,0.5448273164021675,0.9246603582190736,0.33077478066421356,-0.18865647726679285,0.039077017088410666,-0.5752400002147278,-0.8170507504974414
0.5,16,5,1.4224671180492094e-21,0.0,8.045978455017601e-21,-6.623511336968392e-21,0.5,4.729033622839961e-21,9.11521271156469e-11,0.7641038803414448,-0.5190796213957216,-0.38301645747777135,-0.24719952389540129,0.3128079893566048,-0.9170842693998001,-0.5958503632799578,-0.7954291348091532,-0.11070156311409768
0.5,17,2,4.91474676943971e-21,0.0,5.5520106391066874e-21,-6.372638696669772e-22,0.5,5.162364189927791e-21,9.388913947654406e-11,0.4733154582150866,-0.7644257284313005,0.43775082264562115,0.7606223429178324,0.6053159774781733,0.23461930624701585,-0.44432660112685485,0.22191411193761204,0.8679446978085631
0.5,18,0,7.599616247218703e-24,1.0833355937178202e-34,9.55704341430393e-21,-9.54944379805671e-21,0.5,4.525896908638262e-21,9.152086251210305e-11,0.4929832031576914,-0.031096447481498646,-0.8694829339086609,0.8624587341547485,0.1490971817030465,0.48366823576538254,0.11459709117704435,-0.9883334666666925,0.1003218089966386
0.5,19,1,8.855046110956408e-21,7.703719777548943e-34,1.0889765670159528e-21,7.766069543940456e-21,0.5,4.7590770466966225e-21,9.509532526568433e-11,0.9490164192732125,0.20246099446920218,-0.24161411727875515,0.08007145742369717,-0.8961648574863541,-0.4364368338173437,-0.30488751637281386,0.3948393267340504,-0.8666865110431908
0.5,20,2,9.322348144514188e-21,7.703719777548943e-34,1.2977068330167268e-21,8.024641311497462e-21,0.5,4.984598348491032e-21,9.396833605062916e-11,-0.15797475721622872,-0.986432749754664,0.04465877622513133,0.48583028109299214,-0.038271450847475595,0.8732148842198773,-0.859658603191004,0.15964249513757828,0.4852848232800407
0.5,21,1,8.886387077186702e-21,1.925929944387236e-34,7.384237067881518e-25,8.885648653479914e-21,0.5,4.342650396467787e-21,9.074871167782997e-11,-0.9864800591433354,0.1399358006431253,-0.0852939893012943,-0.0616762565211176,-0.799209209313877,-0.5978801544870253,0.151832579855438,0.5845362361944442,-0.7970346644093186
0.5,22,2,5.774969367275608e-22,3.6412113011071178e-34,8.594117942507627e-21,-8.016621005780066e-21,0.5,4.700720687170073e-21,9.070126498151959e-11,0.13652162497515374,0.5019041913334362,-0.8540808091955193,0.061019937494594986,-0.8647764892846763,-0.49843574391151557,-0.9887559927267624,0.015931300192224634,-0.14868685389468692
0.5,23,7,2.156989838050277e-23,3.0814879110195774e-33,1.0169151852625264e-20,-1.0147581954244761e-20,0.5,4.823593450566658e-21,9.414483127050904e-11,0.526972517495737,0.8490584218851809,0.03741339372539529,0.11671430441621053,-0.11590371751960848,0.9863792878045317,-0.8418299928895726,0.5154280982638088,0.1601753370269458
0.5,24,3,8.863017917251384e-21,3.0814879110195774e-33,9.653278310352541e-23,8.766485134147858e-21,0.5,4.379715436391521e-21,9.034106195903703e-11,0.9387772523098704,0.2999080902978507,-0.16956534999647307,0.13557388193038494,0.13088579973668538,0.9820838202341053,0.3167285794820795,-0.9449465830359742,0.08221290742882649
0.5,25,3,4.168821013078216e-21,3.0814879110195774e-33,4.010395472229575e-21,1.5842554084864145e-22,0.5,4.114980903697166e-21,9.048958598004553e-11,0.7465843508904686,0.4888849208096207,-0.4512242693056622,0.09611437141991254,-0.7503803687176239,-0.6539811387568895,-0.6583113508019839,0.4448829469121789,-0.6072111074017033
0.5,26,2,6.78967366669633e-21,1.232595164407831e-32,2.7389235072120667e-21,4.0507501594842636e-21,0.5,4.707029655858304e-21,9.124151139019993e-11,-0.6275346873860121,-0.5569805804634429,-0.5440338676166644,-0.10630882938301855,0.7534954407034935,-0.6488012435517218,-0.7712967320707224,0.34930968189740796,0.5320564793607498
0.5,27,0,3.606492423411656e-22,3.0814879110195774e-33,8.391172349549499e-21,-8.030523107208333e-21,0.5,4.41190267138019e-21,9.00445170926949e-11,-0.033942461972270965,0.34514957996160894,0.9379337272577343,-0.9739331010252137,-0.22202689374714782,0.04645829506561707,-0.224281573120565,0.9119077946103623,-0.34368874012313794
0.5,28,2,1.2325736016961736e-21,3.0814879110195774e-33,7.712314593347307e-21,-6.479740991651134e-21,0.5,4.4914077980721146e-21,9.175941263620085e-11,-0.6623896254635273,0.5198557933732183,-0.5394348321851212,-0.6945767911204546,-0.6959678969645053,0.18218607968672088,-0.28071883676918064,0.495357083784978,0.8220816834275049
0.5,29,3,2.3662986767792463e-21,0.0,8.41366807018046e-21,-6.047369393401214e-21,0.5,5.420046719568196e-21,9.350472013644823e-11,0.5577732433651968,0.6337610291034985,0.5359439961185717,-0.8272999136639594,0.3725400888203747,0.4204625251711654,0.06681213865928921,-0.6779091680616817,0.7321033383243726
0.5,30,6,7.065991780222846e-21,3.0814879110195774e-33,2.9335776747784753e-21,4.1324141054443715e-21,0.5,4.988113036401641e-21,9.264867205635846e-11,-0.7290127852230436,-0.612434425760177,0.30571953343733704,0.21060135482835182,0.2242846554908005,0.951495382361804,-0.6512967283326062,0.7580372467739861,-0.03452686152198695
0.5,31,0,1.6647375167314928e-22,0.0,1.0025682918172994e-20,-9.859209166499845e-21,0.5,4.848340444075686e-21,9.259936870396633e-11,0.22422021456475683,-0.39939625388246175,0.8889364025424938,0.9734720790140865,0.04913063774458012,-0.22346877145320104,0.04557857790431112,0.9154609837830231,0.3998171837318155
0.5,32,2,5.7432888934472264e-21,3.0814879110195774e-33,3.7531234491821584e-21,1.990165444265068e-21,0.5,4.564012221527957e-21,9.270595927258982e-11,-0.42499737356115375,0.5538859496392494,-0.7159522241451228,-0.8578882809392765,-0.4988097282986976,0.12335539056576549,0.288799116806594,-0.6666327397810131,-0.6871650896136906
0.5,33,1,1.0223276066896503e-20,1.925929944387236e-34,1.6571119659767537e-23,1.0206704947236736e-20,0.5,4.752249123332564e-21,9.272816868759656e-11,-0.03319271548219318,-0.9928048164470501,-0.11505146708520238,0.6275583485888607,0.06888953739927914,-0.7755157965853018,-0.777861660427821,0.09794298387443715,-0.6207563202628267
0.5,34,0,4.4484428816956617e-23,3.0814879110195774e-33,1.048589474450417e-20,-1.0441410315687213e-20,0.5,4.952851503539783e-21,9.211813499728657e-11,-0.2607885768814627,-0.8776929034645582,-0.4020503517920303,-0.9567076865387985,0.29071033622274284,-0.014067797654218572,-0.12922739921438367,-0.38097594097519444,0.9155094820319184
0.5,35,6,5.255429891873345e-21,1.2037062152420224e-33,3.83027649836938e-21,1.425153393503965e-21,0.5,4.5129914521310284e-21,9.237660643310955e-11,0.6157219590974129,-0.035915698029484334,0.7871445430924988,-0.1068277317501134,0.9859325498817844,0.12854898993274405,-0.7806883532077507,-0.1632393019584152,0.603223528604364
0.5,36,4,4.1452277352896716e-21,6.367605878630299e-33,4.921761993527821e-21,-7.765342582381497e-22,0.5,4.483641820795818e-21,9.40398128173967e-11,-0.655113759942646,0.1914424773809252,0.7308732717701909,-0.020193947667479215,-0.9714558938389694,0.236359156376757,0.7552603299575379,0.14008291896100977,0.6402801026174358
0.5,37,1,1.1164601943610812e-20,5.89816045468591e-34,6.505805630378839e-25,1.1163951363047774e-20,0.5,5.2502416029604515e-21,9.829169710031663e-11,0.9878484811871622,-0.0395756013803518,0.15029687286035168,-0.04662566239146182,0.847032899474001,0.5294915625533841,-0.1482613430146889,-0.5300651271215738,0.8348949246324778
0.5,38,4,1.7182696134457076e-22,1.925929944387236e-34,1.0101067865982598e-20,-9.929240904638027e-21,0.5,4.9489364308693365e-21,9.446422263499372e-11,0.48869720791986204,-0.1085916343831524,-0.8656690452553603,0.21836838774871578,0.975866028880046,0.0008607612420175238,0.8446835420695918,-0.1894554052539642,0.5006159837408555
0.5,39,1,8.724727736430546e-22,1.232595164407831e-32,9.023486464027756e-21,-8.151013690384702e-21,0.5,5.036554503989529e-21,9.1430599750112e-11,0.5557951293307275,0.7887046715321036,0.26274838784600896,0.3275888745507688,0.08269881991323925,-0.941194153432499,0.7640532072710047,-0.6091845748889875,0.2124072743015523
0.5,40,1,8.211616122723768e-21,1.2037062152420224e-35,4.005402420401329e-23,8.171562098519754e-21,0.5,4.237841353376995e-21,9.040482817600383e-11,0.9779286055831473,-0.030035884319132133,-0.20676916606537094,0.1884845718635617,-0.3002223396566767,0.9350615556959236,0.09016212352434896,0.9533962410346402,0.28793471319484665
0.5,41,1,7.606865174255343e-21,2.1132567241342756e-33,1.592761730492283e-22,7.447589001206114e-21,0.5,4.2722588131650306e-21,9.115581897771768e-11,0.8743425031854516,0.31714002053244467,0.367351867424244,-0.3019519987663811,0.9480837094967534,-0.09981117286087363,0.37993443856479087,0.023653479906226335,-0.9247109468805823
0.5,42,5,4.977159047757604e-21,7.703719777548943e-32,3.423472319197038e-21,1.5536867285605654e-21,0.5,4.295771400873274e-21,9.225583378128402e-11,0.5702217058798958,0.7358777680972097,-0.3651453362206493,-0.3571136812292419,-0.1782448083764835,-0.9168961811272475,0.739808775849885,-0.6532324997081569,-0.16115295994963144
0.5,43,3,3.0590158317062e-22,1.0833355937178202e-34,9.628575295933977e-21,-9.322673712763357e-21,0.5,4.6706700608614724e-21,9.118811153403124e-11,-0.6182603210841924,0.025798194466135526,-0.7855498892719411,-0.7714167954774863,0.17154636510984309,0.6127707338579794,0.15056660659657042,0.9848382089527186,-0.08615915020933808
0.5,44,4,3.238206840848759e-21,1.232595164407831e-32,5.009277354968379e-21,-1.77107051411962e-21,0.5,4.321779251629637e-21,9.353841440379245e-11,-0.5038354356302711,-0.692912726881474,0.5157730186127761,-0.8075316623016425,0.16585390469917696,-0.5660257031941063,-0.30666344446697574,0.7016868498491826,0.6431120404535906
0.5,45,0,4.860531136907591e-21,0.0,5.9169895319705375e-21,-1.0564583950629463e-21,0.5,5.264685363645701e-21,9.19819316772763e-11,0.05468761456958162,-0.894013725141262,-0.4446894692611161,-0.965053575318492,-0.16163254777366176,0.20626806894231292,-0.2562827765033696,0.4178688535770267,-0.8716104403217905
0.5,46,5,8.538576364470518e-23,7.703719777548943e-34,9.04706841028032e-21,-8.961682646635614e-21,0.5,4.503708154434436e-21,9.203324408260393e-11,0.9664508730800659,-0.17415560478190312,0.18879230716803055,0.22263970584714388,0.20148877027493023,-0.9538521042768601,-0.1280791603053507,-0.9638838627208881,-0.2335029504775828
0.5,47,4,7.56677213306148e-21,3.0814879110195774e-33,2.178055123914275e-21,5.3887170091472054e-21,0.5,4.760059253705478e-21,9.296953560572052e-11,0.10166968524778924,0.29981999209838417,0.9485627272034994,0.6707850806600154,-0.7248009701115071,0.15719710331095463,-0.7346500191925979,-0.6202995454289684,0.27480506407439265
0.5,48,4,2.4201025033737896e-21,0.0,7.660613487504683e-21,-5.240510984130893e-21,0.5,5.164639506323099e-21,9.57197025433683e-11,-0.5384592203580986,-0.6695919865941861,-0.5115742756435276,-0.5710771101798969,0.736392181373068,-0.36276368263814995,0.6196229516474028,0.09681490931376155,-0.7789058165955167
0.5,49,1,8.5355194706664e-21,3.0814879110195774e-33,3.076425294401965e-22,8.227876941226203e-21,0.5,4.444014099825956e-21,9.209624366016085e-11,-0.910184468038534,0.3677719769883895,0.19054660081844121,-0.01574001492491456,0.42898902916126475,-0.903172555378782,0.41390395754866854,0.8250528381976898,0.38467041491059173
0.8,0,1,3.9000081373841526e-33,7.703719777548943e-34,6.86877484659822e-20,-6.86877484659783e-20,0.5,1.3117347662628697e-20,9.764172386974047e-11,-0.5932702957550847,-0.16877600689116432,0.7871118190400574,-0.8048788804742182,0.14155720178841497,-0.5763085513753924,0.014154290348584191,0.9754364244747501,0.21982592629770345
0.8,1,5,3.0814879110195774e-33,3.009265538105056e-34,5.666884607455429e-20,-5.666884607455121e-20,0.5,1.1895187266631622e-20,9.748584483730954e-11,-0.11139230466153702,-0.7721965821966862,-0.6255431183427309,0.18988477204319654,-0.6344016435604113,0.7493185757699807,-0.9754668256258034,-0.035312789197960374,0.2172958329618374
0.8,2,1,1.925929944387236e-34,1.925929944387236e-34,5.611925217486426e-20,-5.611925217486407e-20,0.5,1.1558478446964932e-20,9.59703706336141e-11,0.9962150827389074,0.05824138473225663,-0.06452480165007482,0.053588845788831725,0.17294210710785754,0.9834730617541668,0.06843788813421026,-0.9832085071911254,0.1691664471895302
0.8,3,0,4.119684521665822e-33,0.0,6.346018608546511e-20,-6.346018608546099e-20,0.5,1.2480602854451642e-20,9.830814011935154e-11,0.9570981534744164,0.12499800887777039,-0.2614165687030098,-0.26285869280629154,-0.005108704273510566,-0.964820816917221,0.12193618091395846,-0.9921438398336163,-0.027967282033227084
0.8,4,2,1.925929944387236e-34,0.0,4.938042872872015e-20,-4.938042872871996e-20,0.5,1.0912979056139361e-20,9.558282023474784e-11,0.2218834105998186,0.664849757438595,-0.713261909914187,0.973159214189846,-0.10518287684197923,0.2046892919931248,-0.06106468628907533,0.7395345579609621,0.6703430029991372
0.8,5,2,4.70197740328915e-34,4.81482486096809e-35,6.669490352697577e-20,-6.66949035269753e-20,0.5,1.3021293271668862e-20,9.99217512805643e-11,-0.7253360461889935,-0.05278850929018958,0.6863679722902564,-0.6772512755637824,-0.12395466957672631,-0.7252350995624482,0.12336259517901278,-0.9908827443817985,0.05415770487284886
0.8,6,4,7.703719777548943e-34,0.0,5.827781788976272e-20,-5.827781788976195e-20,0.5,1.2400812066771219e-20,9.768112079012982e-11,-0.24979243494168835,-0.9208633449622764,-0.2993567092129223,0.9507845788443935,-0.1747228521595123,-0.2558917926877192,0.18333691434556595,-0.3485435767124904,0.9191871142323041
0.8,7,1,0.0,0.0,4.881242187550867e-20,-4.881242187550867e-20,0.5,1.0898471790886609e-20,9.693082338765572e-11,0.4080862899174881,-0.8976460082382411,-0.16642482950368775,0.9129026522595154,0.39950897875486596,0.08367391105826627,-0.008621338378970913,-0.18607584409414227,0.9824975586581413
0.8,8,2,0.0,3.0814879110195774e-33,5.388735199715233e-20,-5.388735199715233e-20,0.5,1.1507923386851778e-20,9.860814273735196e-11,-0.6281502922077596,0.771582207198209,-0.10043957354771263,0.08502225410262691,-0.06024765241505851,-0.9945558992262742,0.7734328844030907,0.633270177674054,0.027757078242994043
0.8,9,6,3.0814879110195774e-33,1.232595164407831e-32,6.094635816859339e-20,-6.09463581685903e-20,0.5,1.2623594436106054e-20,9.83235244815516e-11,-0.09358943990536185,0.7966785157741161,-0.5971133554377696,-0.961431620409414,-0.22811539629232425,-0.153663936079109,0.25863150599328777,-0.5597023392316556,-0.7873011085767989
0.8,10,2,1.4956802040766655e-32,7.703719777548943e-34,7.093925999265322e-20,-7.093925999263826e-20,0.5,1.3445134106963225e-20,9.822215929279623e-11,0.5349613529402203,0.22904135324543246,0.8132382242392878,0.8391747257684431,-0.032407552057269605,-0.5428955057845973,-0.09799046100526208,0.9728770780814817,-0.20954250283800352
0.8,11,6,9.215875710446734e-36,7.703719777548943e-34,5.2664400878446984e-20,-5.266440087844697e-20,0.5,1.1168565228213097e-20,9.731114203364217e-11,0.9831548755268353,-0.1816167119091622,0.020539247384399065,0.01870659909546284,-0.01179814032945518,-0.9997554036038255,-0.1818146140345538,-0.98329861885665,0.008201967938901648
0.8,12,4,3.009265538105056e-34,0.0,5.8833189428972e-20,-5.88331894289717e-20,0.5,1.203262348388874e-20,9.726987540181272e-11,-0.769514820058755,-0.6154685262429385,0.17042721295112276,0.1951351909485596,0.02750073512828339,0.9803907215089672,0.6080865061987266,-0.7876815363846236,-0.09893734490972068
0.8,13,4,1.5234406786656846e-35,1.925929944387236e-34,6.280798279770364e-20,-6.280798279770363e-20,0.5,1.2307806738248412e-20,9.78341437201723e-11,-0.9891497526051662,-0.08411103581831007,0.12044957689717842,-0.12317355884378041,0.02796535304593982,-0.9919910349548395,0.08006897849949617,-0.996063889852767,-0.038022177915293484
0.8,14,2,1.0833355937178202e-34,2.277713085791717e-32,5.720534824944375e-20,-5.720534824944364e-20,0.5,1.1646420051741e-20,9.644104913677443e-11,0.7601775348989925,0.017788702991987457,-0.6494718450254436,0.07622742305805917,0.990279480820863,0.11634401505487846,0.6452282506465028,-0.13794967142287004,0.7514322276306601
0.8,15,3,0.0,1.232595164407831e-32,6.582127532757193e-20,-6.582127532757193e-20,0.5,1.2581827464323392e-20,9.752287063893873e-11,-0.5015869639660656,0.8592526967166622,-0.1004754734472479,-0.01957070707384135,0.10484224054235176,0.9942962797992808,-0.8648858335136609,-0.5006924282993187,0.0357713185542814
0.8,16,1,0.0,4.333342374871281e-34,7.551916241268094e-20,-7.551916241268094e-20,0.5,1.358567977886496e-20,9.746914348961121e-11,0.11865639388955453,-0.21576449773218803,-0.9692091320801222,-0.11890741171831697,-0.9721682899739504,0.20186590451974773,0.9857898800921027,-0.09129346876267819,0.14100998145264657
0.8,17,0,0.0,0.0,6.260973533152131e-20,-6.260973533152131e-20,0.5,1.2331482542252411e-20,9.613336571273652e-11,-0.873470602175046,-0.4815009493556953,-0.07215222037835478,0.48529627272113957,-0.8490901056705995,-0.2086468790450974,0.03919993403632222,-0.21726211891209382,0.9753258618827736
0.8,18,1,0.0,5.484386443196465e-34,6.306919676047327e-20,-6.306919676047327e-20,0.5,1.2280102575099528e-20,9.656136871321402e-11,-0.2659664489884421,0.1519399789493178,0.9519328184327713,-0.0028891970381336946,0.9873702442534844,-0.1584034510460223,0.9639779564670306,0.04488032461377925,0.26216837320357617
0.8,19,7,1.925929944387236e-34,0.0,6.946073205753557e-20,-6.946073205753537e-20,0.5,1.3371334350516857e-20,9.668882029451022e-11,0.9539111004763549,-0.23625483594586308,0.1850331453555907,-0.23294970088611286,-0.19427202871026816,0.9528865702264186,0.18917729573559128,0.9520724926472226,0.24035373831640944
0.8,20,2,7.703719777548943e-34,0.0,5.83362308822394e-20,-5.833623088223864e-20,0.5,1.2479265373763634e-20,9.711730173527403e-11,0.02558167247700152,0.6394586169725958,-0.7683998016740858,-0.9398246020564694,0.27734801435325823,0.19951891214545014,-0.3406982470711464,-0.7170570102981576,-0.6080739662449923
0.8,21,6,5.8259380817713885e-33,0.0,5.584315229003401e-20,-5.584315229002819e-20,0.5,1.2169709378054953e-20,9.846892603356825e-11,0.20121500120594796,0.3143084899289886,0.9277514195344836,0.9560354130295067,0.14325211578079766,-0.2558810668217282,0.213327945255187,-0.9384503207663265,0.271665572398821
0.8,22,5,3.0814879110195774e-33,1.925929944387236e-34,6.888961745900919e-20,-6.888961745900611e-20,0.5,1.3256369765249167e-20,9.732641691569578e-11,-0.9172469532324277,-0.39787160947934536,0.018873504076993085,0.38811146830080223,-0.8820791178757653,0.2670316797327752,-0.08959640047166056,0.25225901826224617,0.9635029178616377
0.8,23,2,3.0814879110195774e-33,7.703719777548943e-34,5.290022943217388e-20,-5.29002294321708e-20,0.5,1.1427967046050148e-20,9.582365608294612e-11,0.13431236896215018,-0.7296111236685955,-0.6705429112016805,-0.2283128360505292,0.6356841801861365,-0.737413636947164,0.9642787129959196,0.2521373263796101,-0.08119933687583358
0.8,24,7,3.0814879110195774e-33,0.0,6.307109679271139e-20,-6.30710967927083e-20,0.5,1.2514819835562166e-20,9.641706765948946e-11,-0.07553620811592436,-0.9052434703126773,0.4181250300086433,-0.9674189120019733,0.1681503194743218,0.18927788767207313,0.24165042902292716,0.3902047277390431,0.8884510907208876
0.8,25,4,0.0,6.933347799794049e-33,6.48326383043046e-20,-6.48326383043046e-20,0.5,1.347249803313634e-20,9.613302843454172e-11,-0.236098798606661,-0.9716862689756872,0.009118770783373796,0.4080944133366296,-0.09063299632833129,0.9084297495018429,0.8818822522971255,-0.21820049186604998,-0.4179380796634392
0.8,26,6,0.0,1.925929944387236e-34,5.765173969529905e-20,-5.765173969529905e-20,0.5,1.210680623441974e-20,9.726446969066547e-11,0.017013941726049284,0.161573921282202,-0.986713937141072,0.26354555429803844,-0.952682798040461,-0.1514570141245961,-0.9644968982421601,-0.25746719045637984,-0.058790978217329516
0.8,27,5,0.0,5.183930087126288e-34,4.847569138359368e-20,-4.847569138359368e-20,0.5,1.0892057219333483e-20,9.865618673068157e-11,0.9787415778338863,0.015920977540947956,-0.20447847391198803,-0.00036953066352986,0.9971177858524083,0.07586820535560158,-0.2050970191550581,0.07417980573148714,-0.9759265183175159
0.8,28,1,6.770847460736376e-34,3.0814879110195774e-33,5.765275280476795e-20,-5.765275280476728e-20,0.5,1.1778751455958718e-20,9.68318688550706e-11,-0.8608559620526796,0.15871049383272876,-0.4834645713449196,0.4857207116452086,-0.02688927469857743,-0.8737003818157897,-0.15166543060912488,-0.9869589383891816,-0.05394118178023696
0.8,29,3,3.0814879110195774e-33,3.0814879110195774e-33,5.961054652379028e-20,-5.96105465237872e-20,0.5,1.2338889645960177e-20,9.705241926029303e-11,-0.7909586185230948,0.5627941315196144,0.24009837423672922,0.6022142630309121,0.7854741072948578,0.14271793220013376,-0.10827024131465986,0.25747464417915816,-0.9602001679079636
0.8,30,3,7.703719777548943e-34,2.034263503759018e-33,7.625113179792472e-20,-7.625113179792395e-20,0.5,1.3829111588255577e-20,9.707872301998973e-11,-0.4650428848611571,0.2431659411110733,-0.8512375933448773,0.0816707901637428,0.9692209158379098,0.23225136885786754,-0.8815129024774863,-0.03848559945341965,0.4705888453846187
0.8,31,7,3.0814879110195774e-33,5.89816045468591e-34,6.149026915352052e-20,-6.149026915351744e-20,0.5,1.2336721566271754e-20,9.734302946424112e-11,0.15958339410996636,0.2749881458875122,-0.9481111010560375,-0.13204170508718183,0.9577352560597417,0.2555546270718856,0.9783139212472027,0.0844079313893945,0.18914854641917064
0.8,32,7,0.0,3.0814879110195774e-33,6.696504887011932e-20,-6.696504887011932e-20,0.5,1.311698544698553e-20,9.640105175836154e-11,0.663253460414796,-0.7248798442845324,0.18612914494466112,-0.7456508010969323,-0.6187802096108628,0.24721637287493725,0.06402913474357988,0.30275446097609576,0.950915351786405
0.8,33,7,1.925929944387236e-34,1.232595164407831e-32,5.780710222810916e-20,-5.780710222810896e-20,0.5,1.2478997566873142e-20,9.938388065621515e-11,0.8307228180011391,0.05910178688963056,0.5535400423083223,0.20416392045517157,-0.9574077520818134,-0.2041751450055156,0.5178964116363198,0.28262585722155226,-0.8074069182537429
0.8,34,5,7.703719777548943e-34,0.0,6.421332778629571e-20,-6.421332778629494e-20,0.5,1.2972585567103574e-20,9.636776708324036e-11,-0.1758286087254245,-0.7120235823369672,-0.6797843176697398,-0.9412128612216333,0.3239317899152568,-0.09584646760984186,-0.28844869623949065,-0.622969191514361,0.7271222291071023
0.8,35,5,4.81482486096809e-35,0.0,5.928661486370006e-20,-5.928661486370002e-20,0.5,1.1852737073006674e-20,9.647125417545176e-11,0.9096699036688745,0.41464122867697606,0.023944056471462614,-0.03337231230970184,0.13043525488483448,-0.9908950161617689,0.4139890761081657,-0.9005883053990766,-0.1324905620847275
0.8,36,5,1.925929944387236e-34,4.26711796188183e-35,5.241636292376066e-20,-5.2416362923760465e-20,0.5,1.113521427881641e-20,9.681098980396038e-11,0.18889069849452383,0.09741129265377417,0.9771547186018045,-0.019248585441949247,0.9952439126472096,-0.09549369768292386,-0.9818094499301184,-0.0007709750617156411,0.1898673474438741
0.8,37,1,3.0814879110195774e-33,0.0,6.056940552040132e-20,-6.056940552039824e-20,0.5,1.2025411129930466e-20,9.757656686557442e-11,-0.8766580840143643,0.48084014965035016,0.016228192027855116,0.48098668722742927,0.8751518505497075,0.0525456486248464,-0.011063925145617517,-0.05387011175453612,0.9984866552037267
0.8,38,4,1.925929944387236e-34,3.0814879110195774e-33,6.192171963713478e-20,-6.192171963713458e-20,0.5,1.2502549700385203e-20,9.967309616673046e-11,-0.10118388094520987,0.7049089932687505,0.7020435409899464,0.9919069093466948,0.1258819659916042,0.016565440784250166,0.07669749321206978,-0.6980379945269412,0.7119413267480619
0.8,39,4,5.5641319799562486e-33,0.0,7.194806766259499e-20,-7.194806766258943e-20,0.5,1.3492724381014356e-20,9.90591031686763e-11,0.9365860685672892,0.0813725853316059,-0.34085926497914004,-0.3260032788106605,-0.15452211670851476,-0.9326546936849774,-0.12856281885853313,0.984632630843986,-0.11819553242148713
0.8,40,0,0.0,1.2714146898493862e-34,6.342758837986086e-20,-6.342758837986086e-20,0.5,1.2227567151407819e-20,9.643785174654032e-11,-0.815498489576714,-0.10338246416075553,-0.5694508579343334,0.05333393086047955,-0.9931539659573546,0.10392637645057856,-0.5762965428506284,0.05438075008699312,0.8154293523772553
0.8,41,6,3.478710962049445e-33,7.703719777548943e-34,5.015243597117135e-20,-5.015243597116787e-20,0.5,1.0922813365799305e-20,9.615497995441345e-11,-0.5914644483631576,0.07053359802186397,-0.8032401993629028,0.7893168941972846,-0.15291365385670735,-0.5946396009339975,-0.16476846421256627,-0.9857192430310937,0.034769629265206825
0.8,42,3,0.0,1.1754943508222875e-36,7.038505669725351e-20,-7.038505669725351e-20,0.5,1.326922259844499e-20,9.939510670435194e-11,0.011421146819704691,-0.9956876876808691,-0.09206294589055385,0.11200868196025013,0.09276342338464713,-0.9893679813130645,-0.9936415915770617,-0.0009878677221022891,-0.11258513048163894
0.8,43,4,0.0,3.0814879110195774e-33,5.919940269718294e-20,-5.919940269718294e-20,0.5,1.224368883661523e-20,9.729282381004483e-11,-0.5851917224312194,-0.7752119696390977,0.2379013453645302,0.22004708695753392,0.1305610326143583,0.9667125199790142,0.7804677620523849,-0.6180616626613202,-0.09417989990049062
0.8,44,0,1.925929944387236e-34,2.7083389842945504e-35,4.679018995374159e-20,-4.67901899537414e-20,0.5,1.066445449213031e-20,9.761477810307337e-11,0.29869204559954954,-0.10000938286350076,0.949094929516968,0.06574369837716193,-0.989975204567412,-0.125007441640102,-0.9520823640800045,-0.09973573945024762,0.2891227322161683
0.8,45,3,1.7333369499485123e-33,0.0,5.611008147664966e-20,-5.611008147664793e-20,0.5,1.1631330228410515e-20,9.67743150376793e-11,0.6735123273963377,-0.7382853863481708,-0.03627441453560431,-0.14699402330777414,-0.0856806495510269,-0.9854194961559812,-0.7244127980698638,-0.6690243004737595,0.16623051274717224
0.8,46,4,1.232595164407831e-32,1.2037062152420224e-35,6.793538520327524e-20,-6.793538520326291e-20,0.5,1.3140919171369389e-20,9.822084631867983e-11,0.8037361703826678,0.5618241837324125,0.19586157099342327,-0.5505731674115026,0.8270840301582381,-0.11314236334668108,0.2255600932796658,0.016899515907310807,-0.9740826713794714
0.8,47,7,0.0,0.0,7.651270028895271e-20,-7.651270028895271e-20,0.5,1.3736058602807508e-20,9.821251198466865e-11,0.5883658508494639,0.7970369168697489,0.13622693823525373,-0.0322485840918919,-0.14520968081193253,0.9888752082151544,0.8079515173349453,-0.5862135291788769,-0.05973310509094333
0.8,48,0,4.81482486096809e-35,1.232595164407831e-32,6.048184311892486e-20,-6.048184311892481e-20,0.5,1.2048827191468376e-20,9.74883083695503e-11,0.08586487181386693,0.5763707289906674,-0.812664756557804,0.9949246109595632,-0.09255507577244451,0.039478810211541385,-0.052461817254810035,-0.8119300097597614,-0.5813926530167344
0.8,49,6,0.0,0.0,6.241704169139181e-20,-6.241704169139181e-20,0.5,1.2448256072747603e-20,9.7929965391164e-11,0.4480035535426978,0.8806195923316933,-0.15427880481348447,-0.893743516105793,0.43675860227524604,-0.10229589804790755,-0.022701177108407373,0.18371460742202422,0.9827174566362726
